"segment_id","avgspeed_ms","avgacc_mss","maxspeed_ms","minspeed_ms","maxacc_mss","minacc_mss","seg_dist_m","seg_avgdir","seg_time_s","geometry"
"1","1",4.28384297032066,3.85667625130347,13.3017898069418,0.0351485779335897,12.1133332041148,-0.341394572813925,2581.94764828625,163.294099489607,2140,c(2682471.41356586, 2682471.45328335, 2682471.46255788, 2682471.57456009, 2682471.838911, 2682472.12776936, 2682473.38853763, 2682473.86282135, 2682474.290801, 2682475.10586586, 2682476.67129948, 2682477.21632236, 2682477.51461113, 2682478.32397521, 2682478.47771665, 2682478.65058684, 2682479.14882516, 2682479.19415074, 2682479.68093602, 2682480.16849993, 2682480.842101, 2682480.98626719, 2682481.81490728, 2682483.16663232, 2682483.34386415, 2682484.49060801, 2682485.25851812, 2682486.79663148, 2682487.03800428, 
2682487.29018438, 2682487.39828384, 2682491.34997224, 2682494.27075034, 2682494.68633771, 2682496.35851731, 2682499.41956575, 2682501.52753984, 2682501.55306545, 2682511.01282967, 2682521.95955648, 2682526.29665098, 2682564.54871449, 2682646.19594109, 2682692.32490469, 2682692.94434099, 2682693.26655176, 2682696.11774004, 2682697.86509218, 2682698.45421687, 2682704.91080253, 2682707.51975085, 2682708.25812714, 2682715.46339837, 2682716.14140823, 2682717.20775288, 2682717.46898327, 2682718.19287066, 
2682719.27305387, 2682721.08195306, 1242460.56733797, 1242474.02203458, 1242473.35501586, 1242440.8331255, 1242500.65770987, 1242433.66898067, 1243604.14321562, 1242599.75730887, 1243422.41311955, 1243602.94399091, 1243311.03229362, 1243013.65824752, 1243630.83099488, 1243597.09559876, 1242732.69512872, 1242948.57561201, 1243271.48256508, 1243716.58310824, 1243271.26758245, 1243059.56577468, 1243095.37879259, 1243541.53682452, 1242851.49392555, 1243113.03496942, 1243274.20950792, 1243824.84627447, 
1243122.96010427, 1243156.39453793, 1243266.75545925, 1244210.38697995, 1243219.11490972, 1243913.11669789, 1243915.0475898, 1243896.03958946, 1244188.71954089, 1244188.70653339, 1244243.6090598, 1243945.72663752, 1244175.69162416, 1244032.62895686, 1244122.86583184, 1244266.00197265, 1244288.59945115, 1244591.8883307, 1244617.00781532, 1244617.83698289, 1244323.54244915, 1244554.08620561, 1244622.01417633, 1244646.73328617, 1244343.21565039, 1244631.60224629, 1244645.99092936, 1244451.13649563, 
1244669.92154259, 1244662.03055547, 1244691.39534226, 1244364.78405504, 1244679.31572175)
"2","5",11.3124346374868,10.1812040196188,44.0760600956538,0,41.0851892646252,-0.438407379863565,23882.8529832639,164.78036764166,9300,c(2682615.3327313, 2682616.3501276, 2682618.66360501, 2682619.47465681, 2682623.18928951, 2682624.90742149, 2682627.43114952, 2682631.68779253, 2682638.93159612, 2682643.23554809, 2682647.12289603, 2682654.19837933, 2682658.68297074, 2682660.27340528, 2682672.12389639, 2682681.28329822, 2682685.17486531, 2682685.28630451, 2682685.39774372, 2682691.77970323, 2682722.07193889, 2682724.44812614, 2682724.48511759, 2682725.39875954, 2682728.23797278, 2682730.43877713, 2682732.0094631, 2682740.43359496, 
2682742.38058268, 2682745.85252493, 2682752.22972918, 2682772.90615371, 2682775.76755105, 2682782.37102161, 2682787.48164564, 2682812.83127444, 2682848.17827687, 2682896.01922178, 2682914.3717941, 2682914.68325659, 2682928.46117877, 2682951.85030716, 2682967.71200353, 2682986.35235698, 2683017.14843568, 2683036.24184035, 2683054.88825903, 2683069.4738839, 2683076.39246766, 2683084.50737632, 2683084.65921815, 2683084.8519424, 2683099.00923716, 2683117.62063142, 2683118.28350146, 2683138.95259439, 
2683149.54878823, 2683160.70044586, 2683167.01102774, 2683176.99359373, 2683178.65053242, 2683180.48522861, 2683182.18613799, 2683198.99942249, 2683212.61171147, 2683221.67784728, 2683222.70289794, 2683266.01654224, 2683269.90781303, 2683280.37821355, 2683302.95551235, 2683328.78003261, 2683334.31613952, 2683357.78176482, 2683361.75700462, 2683375.40310369, 2683378.95857951, 2683378.95936166, 2683379.00024648, 2683386.63202473, 2683405.79803269, 2683419.597984, 2683443.13579569, 2683456.99686965, 
2683465.39318773, 2683486.04287026, 2683486.49604267, 2683486.7973746, 2683486.79894057, 2683486.95312999, 2683493.492455, 2683513.2191341, 2683514.87901795, 2683518.67546519, 2683521.3007935, 2683524.51458675, 2683532.7859457, 2683548.99690985, 2683555.34937091, 2683555.42490029, 2683557.22014611, 2683574.45738459, 2683586.0974423, 2683605.89337782, 2683611.30689193, 2683612.77568457, 2683617.84161524, 2683621.75820603, 2683657.46551151, 2683682.42293296, 2683687.27216889, 2683690.81157579, 2683723.03156036, 
2683731.05781514, 2683735.83557072, 2683743.20188094, 2683749.47892911, 2683751.93032246, 2683752.81029713, 2683754.67798592, 2683757.67069377, 2683765.17371114, 2683771.45435745, 2683831.30154166, 2683963.71520095, 2684175.63378798, 2684317.78929743, 2684459.94480687, 2684602.10031632, 2684816.61642237, 2684949.9146327, 2685113.11483391, 2685215.37742139, 2685317.64000888, 2685478.14359755, 2685625.74568783, 2685829.1604514, 2686049.40729057, 2686260.35709611, 2686478.36931913, 2686711.87175371, 
2686954.65784881, 2687203.83588693, 2687447.45620472, 2687685.07319757, 2688044.89802638, 2688386.12365764, 2688615.67721382, 2688838.24884229, 2689044.33854868, 2689242.34685596, 2689430.49991961, 2689613.66358784, 2689779.60574238, 2689934.87599643, 2690110.16691486, 2690324.96651484, 2690575.34808956, 2690972.16389793, 2691287.16113781, 2691724.96795692, 2692018.44423601, 2692299.23148746, 2692571.79862536, 2692827.42146202, 2693058.13966115, 2693259.56574234, 2693435.16830387, 2693557.91821176, 
2693625.49809709, 2693692.55112577, 2693738.14535955, 2693738.66938733, 2693743.78875933, 2693743.81288581, 2693748.24911324, 2693753.67858943, 2693755.2895309, 2693760.03068434, 2693761.63409321, 2693762.29517977, 2693765.94870897, 2693772.72779626, 2693795.18985398, 2693799.88444679, 2693800.93821364, 2693801.72515619, 2693909.6895643, 2694044.15721121, 2694057.06347386, 2694179.64562581, 2694233.44440493, 2694269.09380115, 2694323.13896265, 2694365.34304218, 2694395.39187499, 2694419.86289752, 
2694424.24558753, 2694496.55972568, 2694617.36308296, 2694655.82381015, 2694703.76474618, 2694790.76450373, 2694801.79480207, 2694878.85996946, 2694880.02524915, 2694884.80559611, 2694892.41136967, 2694896.77219753, 1245163.80611441, 1245849.87630461, 1245052.21566033, 1245270.55268838, 1245768.4676604, 1245669.58606664, 1245583.39164251, 1244949.98927513, 1245891.22108358, 1245528.29380906, 1244851.02111081, 1245503.42838737, 1245425.65636052, 1244761.47247584, 1244689.3073055, 1244609.6269841, 
1244563.20037265, 1244562.94910761, 1244562.69784257, 1245904.96759136, 1246387.18703008, 1246379.32552336, 1246379.38163589, 1246376.1698042, 1246362.19917407, 1246350.66586951, 1246343.68266446, 1246289.5383167, 1246404.42739627, 1245917.56411246, 1246188.68461907, 1246044.36752628, 1245923.31895128, 1245956.32411341, 1246418.06668088, 1246423.25763069, 1246448.26963483, 1246484.74246499, 1246501.34445666, 1246500.68165802, 1246512.16047757, 1248856.21331005, 1246541.56429558, 1248813.77594893, 
1246577.28218555, 1249030.34019316, 1246603.94114158, 1248729.32194719, 1246619.30911081, 1246625.14927565, 1246625.09580779, 1246624.82052765, 1246636.13828528, 1249195.80741202, 1246651.58633513, 1246667.22083718, 1248644.1590527, 1246684.03803724, 1246689.24144482, 1248590.83778994, 1248588.4703941, 1248600.33824008, 1246700.68486506, 1249361.27463087, 1246723.57288422, 1248471.59890999, 1246731.22008428, 1246750.84249379, 1248376.92825186, 1249526.74184973, 1248309.34245771, 1248247.93772696, 
1246779.87856921, 1248164.72832538, 1249692.20906858, 1248112.0482484, 1248103.59199427, 1248103.53640867, 1248103.31459752, 1248086.96539828, 1246805.51330865, 1248011.98479748, 1249857.67628744, 1248000.39134496, 1246822.25274045, 1246828.43676198, 1246828.44314542, 1246828.50298644, 1246828.39181565, 1246828.17160189, 1247943.02941355, 1247931.35411015, 1246813.88764486, 1247924.70381955, 1247917.95803738, 1250023.14350629, 1247885.48473168, 1246789.07205779, 1246777.87553091, 1246777.8765957, 
1247829.23189804, 1246775.53193761, 1247768.59409393, 1250188.61072515, 1246790.06196154, 1246835.89414358, 1246891.78446627, 1247698.32277834, 1247635.50222676, 1246948.51493291, 1250354.077944, 1247579.48696383, 1247242.30421718, 1247513.61757905, 1247295.74660141, 1247170.03577468, 1247316.51009017, 1247319.43575336, 1247016.61404931, 1247464.41478514, 1247434.3793435, 1247373.82955373, 1247092.48872577, 1250560.35056116, 1250654.01699636, 1250778.68909015, 1250850.50014704, 1250922.31120392, 
1250994.1222608, 1251099.93878373, 1251185.30067932, 1251349.51795726, 1251462.37880563, 1251575.23965401, 1251734.69788928, 1251800.15620666, 1251782.47472959, 1251705.11009059, 1251629.00821084, 1251555.57458499, 1251478.87305383, 1251410.37853461, 1251369.56449291, 1251362.87110505, 1251376.78145939, 1251418.98024408, 1251505.79308863, 1251588.95117115, 1251689.3040836, 1251803.48413344, 1251935.00744999, 1252083.79092381, 1252254.91117899, 1252431.22456351, 1252603.87836582, 1252779.50998495, 
1252946.96541123, 1253086.56213761, 1253220.91066923, 1253254.78199493, 1253203.83990527, 1253146.17920039, 1253101.67906783, 1253090.86750713, 1253140.40533256, 1253247.38535242, 1253400.11567122, 1253615.32782022, 1253865.23735042, 1254141.46512464, 1254443.37256904, 1256111.34747812, 1256116.35972032, 1256007.56502782, 1256007.71989676, 1256022.71542374, 1255630.82644128, 1256090.93617008, 1255429.88022066, 1256059.45627024, 1256098.66430651, 1255868.09619853, 1255154.64295523, 1255993.49134362, 
1254988.22027193, 1254709.79685444, 1256066.59683339, 1254874.31586189, 1255000.93714598, 1254813.10618625, 1254735.99346046, 1255138.38708739, 1254633.78050634, 1254532.83944447, 1254443.55275795, 1254397.38420038, 1255261.23049325, 1254402.51481081, 1254459.60165335, 1254607.81333099, 1255363.68931845, 1254713.11018971, 1255289.62236688, 1254796.41071312, 1254848.40758849, 1255138.09877631, 1254910.49609883, 1254876.09087925, 1254994.64295899)
"3","7",0.511864583663071,0.463858762690489,1.29390598066107,0.178995354915789,1.18265963880514,0.156686477042841,48.2706895274953,236.978402908958,120,c(2693743.18903093, 2693744.9455124, 2693745.95388002, 2693749.44410961, 2693750.37068508, 2693751.41257033, 2693752.26015069, 2693753.85700908, 1256021.52326714, 1256020.16111304, 1256020.78867963, 1256017.11882276, 1256008.62680881, 1256019.04038848, 1255998.8712637, 1255998.06257525)
"4","9",13.8543648397046,12.469007615115,32.1993069821342,0.00680340114446795,29.1714542168136,-0.217746890769634,18094.5602277273,161.301569695403,13630,c(2693747.55048097, 2693747.67558, 2693748.35745984, 2693752.15858381, 2693754.27220263, 2693755.80619031, 2693765.08764623, 2693770.90739432, 2693771.21831709, 2693773.88670228, 2693786.69640587, 2693792.18933038, 2693795.8194619, 2693796.04046212, 2693799.87060007, 2693864.74542403, 2693984.53079841, 2694049.15083285, 2694063.81842344, 2694082.15583128, 2694139.11446488, 2694150.83620148, 2694170.0661275, 2694273.62406401, 2694281.43028194, 2694325.37634904, 2694415.30657447, 2694426.21634364, 
2694496.72847382, 2694515.82094728, 2694535.15695502, 2694641.74170207, 2694664.94640991, 2694667.78603948, 2694726.58034593, 2694777.92146954, 2694789.18585399, 2694791.5047455, 2694796.7179781, 2694806.72882527, 2694807.3460949, 2694826.81255746, 2694838.07164982, 2694876.45780364, 2694915.70282551, 2694924.30390905, 2694947.20598301, 2694947.69465847, 2695008.30212014, 2695065.01906029, 2695102.08746465, 2695152.82746401, 2695210.96333923, 2695238.87099609, 2695260.25961239, 2695262.92988497, 
2695283.30060687, 2695339.65405042, 2695398.91876961, 2695438.10845923, 2695448.10561094, 2695450.04017342, 2695467.18036049, 2695490.63293554, 2695549.44898694, 2695637.35481144, 2695646.49761202, 2695696.18712798, 2695729.17781611, 2695755.31942157, 2695761.29061616, 2695798.10547589, 2695926.71313624, 2696051.72152648, 2696152.56405265, 2696240.20239745, 2696300.88170009, 2696355.52958756, 2696409.53008812, 2696462.08487386, 2696506.33433074, 2696548.29638747, 2696589.4058522, 2696627.87591597, 
2696644.70915096, 2696646.86534811, 2696655.77338762, 2696678.45702749, 2696695.96239005, 2696696.70251468, 2696714.29448254, 2696750.23243782, 2696802.53854313, 2696855.1645551, 2696899.75631586, 2696947.85513469, 2696981.85938149, 2696981.90120659, 2696983.71896142, 2696986.77064854, 2697003.44284475, 2697004.34209357, 2697030.69379016, 2697039.67778555, 2697042.53597804, 2697069.2269889, 2697070.78902961, 2697124.1286862, 2697131.07161066, 2697135.25743905, 2697174.59687833, 2697178.06110191, 
2697201.00432402, 2697231.44473603, 2697243.72978215, 2697263.42460896, 2697285.26188993, 2697290.75405323, 2697291.52063053, 2697292.68429263, 2697326.58230224, 2697326.83701211, 2697347.76551665, 2697353.93474653, 2697354.71390217, 2697355.46534253, 2697355.53700717, 2697360.73938158, 2697362.79647302, 2697372.79048846, 1256006.50641648, 1256006.54546471, 1256007.14932763, 1256021.94337509, 1255593.36196576, 1255782.20138167, 1255386.87096339, 1255176.68699369, 1256059.16336735, 1255924.09930465, 
1254987.28842545, 1254869.17167237, 1256065.6136054, 1256018.35767719, 1254831.98640528, 1254882.44277429, 1254990.64974052, 1262673.57268978, 1262431.33241074, 1262900.50342457, 1262205.23677956, 1255128.78873013, 1263114.18671057, 1262020.56328504, 1263297.66511631, 1255272.84571841, 1261844.958782, 1263487.72291286, 1255412.85425908, 1263597.28023564, 1261656.72073963, 1255541.32623338, 1261455.41175713, 1263799.41110943, 1255627.91738061, 1255636.91255467, 1255412.58299972, 1263990.43724824, 
1255548.97735162, 1255404.41253297, 1255645.94660684, 1261279.86248737, 1255297.94195675, 1255245.34851765, 1264193.31694108, 1255124.35305312, 1255114.60126981, 1255904.45490646, 1261112.58382163, 1264377.08793086, 1256170.69859492, 1260917.52629856, 1260684.162212, 1260427.90506509, 1264505.61304959, 1256403.24589681, 1260180.25449189, 1259929.62740192, 1259681.0495179, 1259420.08303825, 1256622.68017482, 1259117.53294673, 1258795.99639982, 1264559.37296508, 1258505.98110993, 1256862.25721241, 
1258246.56304106, 1257990.27249301, 1264529.26074919, 1257712.28471674, 1257133.64249599, 1257421.74515346, 1264445.67062774, 1264333.94127107, 1264256.34998252, 1264226.52877451, 1264150.06507231, 1264027.79951819, 1263908.41520932, 1263796.95871774, 1263695.98686875, 1263594.4775929, 1263494.51150743, 1263399.39545306, 1263086.41471082, 1263203.32323832, 1263305.88593889, 1262994.61349544, 1262963.09611211, 1262961.60699611, 1262929.42392288, 1262867.34987976, 1262804.20975535, 1262749.19295321, 
1262699.43825058, 1262649.51897833, 1262632.06210925, 1262636.39967906, 1262626.64373201, 1262642.70688094, 1262685.07042466, 1262676.18902997, 1262720.99116815, 1262570.79392102, 1262715.62560471, 1262714.5070923, 1262727.20970204, 1262704.62241226, 1262483.88957424, 1262693.0180925, 1262672.64760512, 1262680.37729681, 1262451.28944903, 1262657.45807795, 1262636.6430372, 1262479.94998826, 1262626.53992042, 1262608.72677581, 1262505.01792859, 1262504.85529434, 1262608.70504623, 1262613.82454422, 
1262619.50688675, 1262631.50711224, 1262634.52240041, 1262634.64598024, 1262634.86956471, 1262657.52928914, 1262644.71932857, 1262669.23721015)
"5","15",15.9256099468795,14.333120806183,61.9114097179093,0.0167318546543755,58.0028312030465,-0.989780953892645,38342.0131704936,209.306083009288,4250,c(2681560.68114529, 2681595.26930743, 2681601.60927559, 2681694.69968943, 2681763.28787985, 2681851.51774686, 2681869.16244468, 2681889.34804194, 2681930.35673189, 2681941.05345938, 2681987.97430658, 2682013.62511361, 2682040.8243566, 2682060.53496085, 2682228.41712799, 2682241.84408612, 2682361.87389197, 2682369.12773875, 2682375.9578987, 2682400.94328418, 2682413.86778516, 2682453.80035303, 2682469.02743203, 2682482.98594341, 2682504.61767982, 2682524.1870789, 2682542.02855696, 2682546.40794647, 
2682556.59577554, 2682557.01138044, 2682560.95217548, 2682574.5728367, 2682576.86376337, 2682596.30832784, 2682605.14471821, 2682607.94940349, 2682608.87300853, 2682609.7942362, 2682612.62517452, 2682616.78144574, 2682618.49419776, 2682627.4453128, 2682628.66322973, 2682636.4397042, 2682638.08682252, 2682642.69502535, 2682656.11891166, 2682657.11905388, 2682679.54353794, 2682681.32290487, 2682685.57740479, 2682685.6112936, 2682688.75620758, 2682696.02677944, 2682701.29311061, 2682721.43650088, 2682959.50282886, 
2682972.86245498, 2683033.50079633, 2683050.37818099, 2683094.13913768, 2683129.49474202, 2683154.77747904, 2683172.15883078, 2683176.16952053, 2683190.66611932, 2683208.51602893, 2683211.61519792, 2683215.41582039, 2683244.53299135, 2683250.44012404, 2683276.05416174, 2683277.76459578, 2683281.80114165, 2683285.54649988, 2683285.73599552, 2683286.6136781, 2683288.6546692, 2683290.65133238, 2683320.19659321, 2683320.92838258, 2683334.40261314, 2683335.97114432, 2683336.6925031, 2683340.6350437, 2683343.21276551, 
2683343.77597312, 2683344.25539565, 2683344.68054499, 2683350.0478465, 2683351.88919539, 2683352.76505257, 2683354.82754843, 2683357.66906146, 2683397.33084445, 2683457.9691858, 2683518.60752716, 2683579.24586851, 2683639.88420986, 2683700.52255121, 2683761.16089257, 2683903.88611187, 2684088.22754509, 2684190.48210037, 2684292.73665565, 2684394.99121092, 2684497.2457662, 2684599.50032148, 2684781.63050847, 2684937.25326713, 2685100.32676532, 2685187.65313655, 2685274.97950778, 2685362.30587901, 
2685549.52630217, 2685649.4203541, 2685840.8122538, 2686016.76461119, 2686198.31569266, 2686386.0107537, 2686570.22506832, 2686771.70910558, 2687000.65117312, 2687228.45915643, 2687448.16500919, 2687674.0856017, 2687907.17231796, 2688149.85170305, 2688399.21013849, 2688640.35954931, 2688864.23400451, 2689078.74442135, 2689279.58250687, 2689471.74904978, 2689656.33972661, 2689831.1772938, 2690019.66205589, 2690241.8925897, 2690489.4218073, 2690762.3088535, 2691060.36433658, 2691364.22417897, 2691666.37573364, 
2691956.27343165, 2692245.68893784, 2692552.83567794, 2692866.58059747, 2693159.64125372, 2693393.96123502, 2693543.91517168, 2693628.70064432, 2693719.98677659, 2693883.06593453, 2694021.32040172, 2694044.32033209, 2694065.95087525, 2694122.6807537, 2694129.92132457, 2694184.86630011, 2694260.59262761, 2694351.78356358, 2694387.7758394, 2694419.26233484, 2694510.11872357, 2694590.44054447, 2694612.10408961, 2694659.42220426, 2694744.94098911, 2694774.4115906, 2694838.34273482, 2694870.95253016, 
2694897.38803987, 2695014.94476763, 2695018.92577398, 2695028.25839907, 2695154.66032371, 2695163.68182606, 2695213.75366586, 2695225.13227037, 2695239.33628885, 2695286.78706316, 2695321.51653439, 2695339.53154326, 2695377.32112206, 2695397.06676674, 2695413.73994569, 2695426.51311401, 2695434.40458944, 2695442.0235237, 2695459.47571928, 2695467.96010608, 2695504.49080787, 2695511.78244023, 2695597.1410225, 2695664.46917345, 2695668.67143926, 2695715.33420756, 2695729.30667155, 2695758.21703806, 
2695774.53751513, 2695951.60295324, 2696158.03647644, 2696177.30122688, 2696195.53216412, 2696220.74239701, 2696233.68161283, 2696256.00953019, 2696268.61637015, 2696303.77488198, 2696353.06539646, 2696408.46596198, 2696458.52571838, 2696507.90280111, 2696553.68237649, 2696599.0938436, 2696642.69646579, 2696642.76264276, 2696652.55108954, 2696658.54507155, 2696696.86787864, 2696744.04697357, 2696794.31423571, 2696822.42254325, 2696831.8041079, 2696860.84501382, 2696910.7282188, 2696962.69290404, 
2697024.5173006, 2697106.774966, 2697179.32691948, 2697206.00278528, 2697206.60066755, 2697206.76412534, 2697208.05532873, 2697212.40062533, 2697214.07518324, 2697215.74974115, 2697242.32706946, 2697254.67904555, 2697283.04302084, 1247848.45091272, 1248002.37298853, 1247668.10391865, 1247528.61662443, 1248278.33441492, 1246351.91797573, 1246502.0488905, 1246747.06215264, 1246474.65158253, 1248394.42915182, 1247235.56002075, 1246964.93867782, 1247117.42651431, 1246724.96744746, 1246854.05363818, 1248395.76096725, 
1247013.68897757, 1247029.85712072, 1246994.98196911, 1247072.38585664, 1246941.6369405, 1247139.05822657, 1246875.52210553, 1247158.81181354, 1247208.37133995, 1246809.40727055, 1247277.49813485, 1247329.15255474, 1246253.28368734, 1246188.18631408, 1247351.50106249, 1246082.74256655, 1246270.8008623, 1245970.57429082, 1245133.03072589, 1245853.59537007, 1248261.37484376, 1246667.21631282, 1245257.7813406, 1245011.04837135, 1245733.98820924, 1245623.03187838, 1246286.36698761, 1244885.564119, 1245385.39566207, 
1245510.16194877, 1244758.63476525, 1246537.50276165, 1244642.26537628, 1246467.73342382, 1244532.80348105, 1244532.96733173, 1244560.57508247, 1246309.98967576, 1246422.58988868, 1246356.93380376, 1248811.28734047, 1248965.70794824, 1249079.37103126, 1248728.55386656, 1249193.03411428, 1248655.16378523, 1249306.69719731, 1248004.44810756, 1248584.98858417, 1247955.83849046, 1248502.65935808, 1247943.12301266, 1249420.36028033, 1247949.42305426, 1248410.62423985, 1249534.02336335, 1247971.01661506, 
1248073.42665276, 1248102.50071893, 1247994.97957802, 1248058.81679228, 1248031.82553817, 1248325.01455176, 1248130.56381347, 1248255.77762339, 1248224.05463573, 1248225.29982059, 1249647.68644637, 1248210.52112069, 1248193.71159785, 1248193.94190598, 1248189.38972658, 1248194.0658226, 1248153.44459616, 1248180.93522917, 1248166.99279438, 1248168.02254647, 1248172.73263491, 1249761.3495294, 1249875.01261242, 1249988.67569544, 1250102.33877846, 1250216.00186149, 1250329.66494451, 1250443.32802753, 
1250616.64205015, 1250731.20187166, 1250786.11075357, 1250841.01963548, 1250895.92851738, 1250950.83739929, 1251005.7462812, 1251097.04726494, 1251191.73533375, 1251346.15949675, 1251442.28769278, 1251538.4158888, 1251634.54408482, 1251764.99290383, 1251799.31352681, 1251801.37959528, 1251733.43502407, 1251662.2971738, 1251594.5900254, 1251535.5112673, 1251472.68838404, 1251411.44319673, 1251373.70737396, 1251363.43746972, 1251377.06341149, 1251403.70317826, 1251447.56336673, 1251519.10982317, 1251611.72644558, 
1251715.71389411, 1251837.02685956, 1251978.49041286, 1252138.73345513, 1252320.10659801, 1252514.29225365, 1252713.52816177, 1252903.7774397, 1253059.89522397, 1253170.76632176, 1253236.77986366, 1253253.9156149, 1253222.89219873, 1253167.17457737, 1253116.13440778, 1253104.24888395, 1253172.15558426, 1253338.38525257, 1253586.93396374, 1253891.81484118, 1254225.19232389, 1254552.33648133, 1254840.31201948, 1262609.02253425, 1262839.79704802, 1262358.91905083, 1255070.40730866, 1263059.05860601, 
1262126.40163939, 1263283.87758017, 1261906.21723549, 1255262.66607706, 1263502.64173097, 1261674.4462947, 1263725.16900428, 1255446.33389077, 1261447.42806467, 1263946.43309362, 1255636.96792179, 1261254.08231195, 1264156.17962465, 1255842.93304583, 1256059.37808577, 1264355.66301834, 1261076.0414107, 1256283.3544998, 1260861.26662963, 1260597.47064024, 1264507.27098425, 1260328.83286922, 1260080.84182993, 1256507.43814625, 1259855.39912168, 1259702.05152198, 1259613.57654377, 1259516.99005115, 
1259381.80979341, 1259217.47196676, 1259023.32819061, 1258794.53761584, 1264571.07211625, 1256715.77416715, 1258548.24008874, 1258288.91078651, 1256936.86544084, 1258015.4589918, 1264546.88448538, 1257744.66759498, 1257195.41965252, 1257473.07141401, 1264464.53492578, 1264408.39730658, 1264471.98426352, 1264395.49591332, 1264496.37779828, 1264303.15205459, 1264446.85545747, 1264232.49609652, 1264164.34606659, 1264061.12001189, 1263936.69878242, 1263814.2481546, 1263699.12616017, 1263589.89510411, 
1263482.5488588, 1263375.34016208, 1263161.66657755, 1263267.96895759, 1263058.11769314, 1262960.72012808, 1262874.69917172, 1262816.41842556, 1262793.13718946, 1262786.1739723, 1262754.29014167, 1262692.00083082, 1262636.08456083, 1262578.60703765, 1262508.90001272, 1262461.33034134, 1262452.03877832, 1262450.04697751, 1262449.27125266, 1262455.51979472, 1262533.09450025, 1262532.67882519, 1262532.26315013, 1262476.87839857, 1262529.87491437, 1262511.85413869)
"6","17",11.6494860977073,10.4845464953884,48.2641767031091,0.0164128321382927,47.5310783040053,-0.174884175132095,18253.9988251103,141.880798060349,2140,c(2682738.08232457, 2682738.24132724, 2682738.4003299, 2682757.14186184, 2682781.79205044, 2682781.93810999, 2682783.14539258, 2682783.93680222, 2682787.43691886, 2682790.88145011, 2682794.59591935, 2682797.5986191, 2682802.60110454, 2682812.62275691, 2682824.2841079, 2682856.91931819, 2682991.16675934, 2683080.9806839, 2683094.0266819, 2683115.533941, 2683138.51855866, 2683174.58172891, 2683210.91926121, 2683291.17392421, 2683370.20342187, 2683408.08338654, 2683463.42103643, 2683537.15738164, 2683635.65730083, 
2683746.04503166, 2683789.11089389, 2683838.42862155, 2683915.10968099, 2683928.84271935, 2683995.60223704, 2684012.94664442, 2684052.60365222, 2684119.32362746, 2684152.85909131, 2684240.35322929, 2684271.80783501, 2684340.42168942, 2684484.14651579, 2684510.15825251, 2684599.69390369, 2684707.28223376, 2684779.36744009, 2684837.26279635, 2684883.99736079, 2684979.44843145, 2685159.40324001, 2685301.1967376, 2685346.99216976, 2685389.42697158, 2685493.44770884, 2685561.59269328, 2685635.58453488, 
2685692.26100198, 2685768.29229428, 2685971.03330198, 2686003.23489176, 2686048.00509125, 2686100.00538877, 2686120.90265814, 2686138.19050761, 2686160.0455427, 2686181.67219688, 2686284.87201757, 2686340.99264225, 2686370.96944771, 2686521.6443186, 2686570.10012388, 2686608.5220853, 2686654.34760849, 2686737.50588028, 2686833.62738658, 2686865.73484235, 2686950.55021411, 2687100.31146086, 2687147.03746391, 2687197.09048946, 2687272.41046489, 2687324.7986335, 2687381.70624266, 2687457.962184, 2687555.81447263, 
2687666.91238075, 2687735.26906232, 2687810.50281741, 2687866.45007742, 2687910.54349146, 2687976.80825882, 2688066.29839287, 2688139.88981428, 2688337.23133798, 2688415.70840667, 2688504.24167766, 2688627.85384174, 2688719.95699262, 2688792.23016639, 2688839.75291436, 2688955.8425583, 2689040.97983102, 2689076.77791634, 2689123.85493583, 2689184.54935639, 2689220.79662096, 2689280.06637227, 2689424.88017271, 2689553.34260444, 2689608.78229488, 2689666.88455717, 2689875.01952202, 2690009.65727924, 
2690079.08495572, 2690135.49582216, 2690337.17288795, 2690667.19251592, 2690838.44534663, 2690896.09122818, 2690960.73944912, 2691254.13697216, 2691401.86820677, 2691472.78315704, 2691566.41601495, 2691633.27622463, 2691713.18393042, 2692101.98629648, 2692159.42092788, 2692207.37545572, 2692254.68314134, 2692291.79385327, 2692324.03842573, 2692351.99940335, 2692389.39086295, 2692426.24108314, 2692458.87173239, 2692501.94204165, 2692542.62974943, 2692583.03923613, 2692628.73131551, 2692712.86510656, 
2692783.99093542, 2693096.93289565, 2693150.52513447, 2693205.07952202, 2693287.11957822, 2693352.85618465, 2693417.9502014, 2693481.70548463, 2693527.1643937, 2693569.02385517, 2693611.23494423, 2693639.2213999, 2693643.69398907, 2693645.0230196, 1244642.14950349, 1244642.10880633, 1244642.06810917, 1244640.51258891, 1244596.21308402, 1244558.6878282, 1244534.46483331, 1244496.72620996, 1244449.01813466, 1244402.58799797, 1244355.77246577, 1244335.57746495, 1244310.18437292, 1244271.74073899, 1244237.65651053, 
1244168.33955443, 1243918.36736747, 1243690.06950555, 1243654.44853637, 1243562.51636208, 1243464.98980159, 1243388.93998212, 1243339.19107479, 1243265.26328644, 1243200.65942221, 1243165.05473469, 1243102.89875554, 1242990.41019289, 1242767.85864833, 1242501.44409849, 1242364.11914837, 1242169.73043693, 1241847.69219246, 1241782.83947676, 1241529.37840652, 1241481.92290939, 1241401.98210437, 1241271.94437908, 1241183.96726748, 1240789.42356854, 1240648.60180868, 1240420.85658779, 1239982.75111769, 
1239919.40904078, 1239758.5685629, 1239570.5224782, 1239440.56886711, 1239361.6167382, 1239304.18773781, 1239183.18821213, 1238953.65654178, 1238774.89636862, 1238730.80040154, 1238699.49898424, 1238638.78515231, 1238589.95363095, 1238510.85208964, 1238412.93253557, 1238258.41905882, 1237820.42458502, 1237754.56571892, 1237669.87557437, 1237564.10878507, 1237503.14578865, 1237430.23307531, 1237345.04453335, 1237291.2641568, 1237083.66912005, 1236970.95926117, 1236902.56826323, 1236532.99620048, 1236417.23034939, 
1236338.34500712, 1236263.0148759, 1236149.98080981, 1236017.56786526, 1235964.61043528, 1235808.73957471, 1235539.24037193, 1235470.43186798, 1235412.23568795, 1235342.18024868, 1235302.92180495, 1235267.7888031, 1235232.10734465, 1235202.58273523, 1235180.87176669, 1235162.58974821, 1235132.29039715, 1235103.54123454, 1235077.89724492, 1235029.78791084, 1234967.34654034, 1234928.13168968, 1234836.60742065, 1234789.79649872, 1234728.6260686, 1234647.85487472, 1234591.24408929, 1234559.80091968, 
1234545.83442945, 1234525.61199221, 1234509.82002474, 1234500.34965743, 1234483.37660908, 1234454.43300686, 1234432.73926598, 1234392.87852426, 1234295.43033387, 1234210.74821182, 1234181.67405546, 1234159.31208423, 1234098.30087159, 1234058.97672742, 1234036.34560544, 1234013.40656735, 1233914.84367204, 1233753.8627284, 1233675.30958243, 1233653.73088099, 1233637.20797078, 1233600.06718286, 1233582.15746731, 1233571.85204801, 1233556.44925338, 1233539.07817405, 1233505.45300995, 1233285.91735573, 
1233251.67170298, 1233216.00075455, 1233173.25947934, 1233131.36086345, 1233090.77673223, 1233048.12473761, 1232976.09824489, 1232873.20796951, 1232761.74613388, 1232668.07084083, 1232608.32767599, 1232559.19920931, 1232516.15771618, 1232453.20163695, 1232401.3293393, 1232131.80490495, 1232090.11424195, 1232059.5583001, 1232027.04373188, 1231998.27699757, 1231957.43663029, 1231912.684176, 1231880.37575934, 1231841.00596478, 1231788.96617291, 1231743.26277057, 1231668.71771714, 1231668.30005733)
"7","19",3.76951554858802,3.39292783954077,12.1494019463876,0.00946845869757207,11.5258847367811,-0.326735283387225,1490.07882193166,152.777464023047,6470,c(2693280.88837902, 2693280.96355145, 2693283.09815687, 2693285.80076388, 2693310.04578741, 2693338.9396662, 2693341.90352898, 2693374.32334726, 2693391.71653702, 2693404.92551888, 2693423.16951682, 2693459.98145131, 2693469.35708935, 2693502.39216258, 2693519.04254243, 2693553.60356563, 2693562.62312707, 2693563.95215759, 2693565.28118812, 2693588.62626134, 2693611.99617193, 2693630.00209663, 2693633.92721262, 2693637.82895395, 2693638.1933012, 2693641.15874459, 2693646.34850446, 2693660.46704008, 
2693669.77663974, 2693674.35612596, 2693674.68260044, 2693677.19693324, 2693681.23797115, 2693689.79770668, 2693697.26242656, 2693702.55930129, 2693713.41278667, 2693718.69643111, 1231488.05754224, 1231447.08477959, 1231492.03952039, 1231512.87470043, 1231329.12283523, 1231273.86995408, 1231581.80485976, 1231649.14012551, 1231706.28782313, 1231176.78071547, 1231724.23934755, 1231724.09552962, 1231101.57224273, 1231062.50802054, 1231710.70938781, 1230970.74739579, 1231694.19496509, 1231693.77730529, 
1231693.35964549, 1230875.28535756, 1230812.71927955, 1230802.16185155, 1230815.06624175, 1230822.24395221, 1230799.1219464, 1230793.60911972, 1230817.59699371, 1230813.37185564, 1230821.07958789, 1230835.71780959, 1230843.8399073, 1230857.33366828, 1230867.68255372, 1230882.10556335, 1230891.50771831, 1230903.87786044, 1230928.95583049, 1230942.15971713)
"8","23",1.31950872208513,1.18864287442195,2.56234892436265,0.08243148925588,2.43369499493958,0.0824088951478555,828.793354476313,170.695240477727,1200,c(2693664.94439097, 2693665.60921777, 2693666.1420105, 2693666.27404457, 2693666.93887137, 2693667.60369818, 2693667.71478292, 2693670.77027953, 2693673.27427512, 2693673.65371144, 2693678.76786302, 2693679.24728656, 2693683.71932586, 2693687.47607618, 2693690.61960727, 2693693.0084913, 2693694.4588248, 2693695.71949306, 2693698.19442403, 2693698.44804552, 2693699.2507229, 2693701.50346459, 2693702.03119024, 2693702.15985447, 2693704.71056609, 2693710.48317077, 2693710.97022155, 2693719.93854539, 
2693723.33401588, 2693733.59408608, 2693735.5904956, 2693745.08223872, 2693746.19316793, 2693751.24416912, 2693756.31412837, 2693757.28200107, 2693764.68074748, 2693766.0454038, 2693768.2008394, 2693770.70127099, 2693777.42002806, 2693777.67234461, 2693785.80026939, 2693789.39075948, 2693795.76755377, 2693796.68425429, 2693801.57292231, 2693803.98122671, 2693812.94559977, 2693814.6190132, 2693823.68656326, 2693826.15409437, 2693834.09833784, 2693835.32312655, 2693841.58623757, 2693845.16637266, 2693847.55805461, 
2693854.09505714, 2693854.20208573, 1231588.92695879, 1231597.20266034, 1231548.9910995, 1231605.4783619, 1231613.75406345, 1231622.029765, 1231574.14512477, 1231553.28933162, 1231562.61327801, 1231538.54635515, 1230990.73220179, 1230984.34626863, 1231000.98425416, 1231516.97078021, 1231012.54573605, 1231495.15333186, 1231472.82675128, 1231481.74193381, 1231024.56262688, 1231467.2189034, 1231425.92399939, 1231447.17852642, 1231455.34087604, 1231411.95977614, 1231034.0610317, 1231407.69898371, 1231040.60883396, 
1231398.8972185, 1231046.75256253, 1231390.32851246, 1231054.89605432, 1231067.83277954, 1231383.91139344, 1231075.76897055, 1231083.29877552, 1231374.80188446, 1231354.73741428, 1231097.85158568, 1231335.66806487, 1231330.81510825, 1231320.24678052, 1231109.87693438, 1231307.59204984, 1231120.90302533, 1231294.36936667, 1231131.52571819, 1231288.08604307, 1231141.92609595, 1231274.60758904, 1231151.82327099, 1231258.7656358, 1231162.45737612, 1231244.58637263, 1231174.22164676, 1231185.32848864, 
1231234.42037813, 1231200.48921882, 1231213.43505736, 1231223.44396169)
"9","25",14.893885288178,13.4044756031614,49.8297352650696,0.0140083469242366,48.8048884736179,-0.678670655652885,18178.5038334806,317.226415902003,1260,c(2682734.00337126, 2682735.96334658, 2682780.31045902, 2682781.93810999, 2682783.49754208, 2682785.74596451, 2682790.4040565, 2682794.59591935, 2682799.07669052, 2682807.93330858, 2682824.2841079, 2682915.68516531, 2683012.79335644, 2683092.49155343, 2683121.46231325, 2683147.51130224, 2683201.62047439, 2683291.17392421, 2683378.58671791, 2683444.69834746, 2683521.4741658, 2683635.65730083, 2683761.17726929, 2683817.67938172, 2683915.10968099, 2683954.62049385, 2684003.27510891, 2684042.18850048, 
2684128.12805345, 2684160.02040967, 2684266.78471735, 2684340.42168942, 2684490.04564536, 2684534.47887348, 2684707.28223376, 2684795.60256365, 2684877.40742401, 2684931.10821087, 2685218.08424039, 2685314.24985128, 2685374.26201789, 2685471.21657208, 2685587.84835474, 2685656.9700439, 2685768.29229428, 2685971.03330198, 2686026.76912423, 2686087.62522364, 2686120.90265814, 2686145.86594093, 2686173.46424488, 2686255.0276257, 2686346.6249092, 2686392.36425004, 2686561.32378911, 2686614.62294557, 
2686675.95968965, 2686791.11213368, 2686865.73484235, 2686956.88411895, 2687127.75566457, 2687182.78816004, 2687272.41046489, 2687353.07828554, 2687428.45253636, 2687535.79982332, 2687679.97565959, 2687779.52447528, 2687859.19979206, 2687921.89449156, 2688004.51715702, 2688117.09144332, 2688337.23133798, 2688424.77109375, 2688580.87754964, 2688708.39691562, 2688792.23016639, 2688874.9923727, 2689013.37388738, 2689076.77791634, 2689143.09084264, 2689213.07793962, 2689256.70086754, 2689458.18567907, 
2689575.67714823, 2689666.88455717, 2689875.01952202, 2690038.94515622, 2690114.84662787, 2690337.17288795, 2690667.19251592, 2690879.46303451, 2690934.41513282, 2691301.31651861, 2691422.54629728, 2691532.89771306, 2691618.59617615, 2691752.08726281, 2692126.54499534, 2692207.37545572, 2692261.22751787, 2692305.60906403, 2692346.28562967, 2692389.39086295, 2692437.25811286, 2692490.80233984, 2692535.55594766, 2692592.35011862, 2692658.29163617, 2692773.87187807, 2693112.70682654, 2693168.11866435, 
2693239.96432481, 2693352.85618465, 2693435.49159533, 2693505.05519035, 2693559.42866472, 2693611.23494423, 2693642.11593837, 2693645.13282855, 2693645.24263751, 2693645.35244647, 1244641.49059899, 1244641.84039982, 1244610.31378155, 1244558.6878282, 1244528.18740352, 1244467.28560123, 1244412.42181844, 1244355.77246577, 1244327.14751915, 1244288.24284032, 1244237.65651053, 1244059.97075357, 1243869.02292139, 1243658.81910182, 1243530.5206272, 1243440.87608042, 1243350.06858187, 1243265.26328644, 
1243193.10504398, 1243125.37400348, 1243019.76628143, 1242767.85864833, 1242457.73709014, 1242257.72326434, 1241847.69219246, 1241681.68651353, 1241505.46971209, 1241421.96019314, 1241253.61145721, 1241156.21542509, 1240669.4900053, 1240420.85658779, 1239966.82359433, 1239873.94476527, 1239570.5224782, 1239416.00526133, 1239312.7663756, 1239244.31831511, 1238878.66691773, 1238761.46310635, 1238709.84395607, 1238651.25195596, 1238565.98137604, 1238478.41494792, 1238258.41905882, 1237820.42458502, 
1237709.93007393, 1237590.83741288, 1237503.14578865, 1237396.65364671, 1237309.38028531, 1237143.05595926, 1236958.30984373, 1236851.95421984, 1236437.83944627, 1236327.3705362, 1236231.52982752, 1236078.43464679, 1235964.61043528, 1235797.43529385, 1235497.50179446, 1235427.48115111, 1235342.18024868, 1235284.32415837, 1235244.2373268, 1235207.29121072, 1235177.8957149, 1235146.39836303, 1235107.54801882, 1235070.44872358, 1235009.07226594, 1234939.24599757, 1234836.60742065, 1234783.59355566, 
1234678.56537905, 1234597.35367051, 1234559.80091968, 1234538.24475347, 1234515.68848151, 1234500.34965743, 1234475.32599905, 1234437.57130398, 1234408.70563154, 1234273.13769067, 1234198.13128401, 1234159.31208423, 1234098.30087159, 1234049.74703784, 1234022.09970599, 1233914.84367204, 1233753.8627284, 1233659.25836828, 1233643.03158063, 1233594.56568457, 1233579.19555685, 1233562.27058053, 1233543.41058203, 1233484.3715408, 1233272.06570539, 1233216.00075455, 1233166.30046919, 1233114.56325383, 
1233057.6539558, 1232976.09824489, 1232831.90504056, 1232688.02301156, 1232617.61314314, 1232549.726285, 1232492.65697065, 1232409.17708964, 1232118.37555183, 1232078.99301002, 1232044.53887923, 1231998.27699757, 1231944.86984268, 1231896.81766639, 1231851.52922332, 1231788.96617291, 1231737.41524853, 1231668.21307819, 1231668.12609905, 1231668.03911991)
"10","27",1.60297833479793,1.44347149306808,2.64729788276146,0.0201151211372818,2.40980894610904,-0.0033627008361149,389.403591774924,193.140438772515,1260,c(2682684.24838577, 2682685.33686926, 2682688.57099157, 2682690.96414071, 2682692.45032, 2682697.12050056, 2682701.29990904, 2682703.73620636, 2682706.4009266, 2682708.73850114, 2682711.97351718, 2682714.97390088, 2682716.66110388, 2682718.69242651, 2682720.28354399, 2682721.7062501, 2682722.24351932, 2682724.20349464, 2682727.722213, 2682728.85038384, 2682736.10061087, 2682740.86202492, 2682743.01326025, 1244616.47883616, 1244598.0361488, 1244580.17934524, 1244352.8912357, 1244553.99214571, 1244530.70697095, 
1244632.00558944, 1244514.23164665, 1244347.57361208, 1244494.23127613, 1244476.31890503, 1244461.6834247, 1244449.08667752, 1244433.49255007, 1244639.04199322, 1244415.18792873, 1244639.39179404, 1244639.74159487, 1244390.25368182, 1244350.01795364, 1244374.7481205, 1244361.193553, 1244369.50736844)
"11","29",1.19481682539391,1.0932018240903,2.98197266380496,0.302268683578326,2.84304089042683,0.249425983488487,382.341384126052,196.983823350385,320,c(2682471.88879535, 2682472.76424946, 2682474.22332663, 2682475.47612788, 2682476.10949456, 2682480.51072525, 2682480.71601347, 2682483.95862101, 2682487.23925865, 2682493.08659695, 2682493.84460051, 2682502.33041285, 2682503.28890948, 2682504.14016644, 2682507.37258112, 2682510.96115736, 2682516.12418002, 2682523.24280831, 2682527.63421489, 2682530.56827559, 2682532.23721406, 2682534.42843668, 2682560.35742392, 2682589.49608198, 2682618.86063783, 2682633.18087014, 2682649.22118237, 2682659.51572444, 
2682667.39074816, 2682674.71978025, 2682684.26214263, 2682692.13981813, 2682697.74160011, 1244225.51721071, 1244216.91202286, 1244209.81604195, 1244233.85089703, 1244204.61626277, 1244241.37077696, 1244196.73012542, 1244246.1443906, 1244249.35899409, 1244179.44510877, 1244252.61985543, 1244166.89784566, 1244255.53105089, 1244164.47680712, 1244160.29649554, 1244157.6778271, 1244155.97060498, 1244149.50935677, 1244143.51052024, 1244139.04808995, 1244260.77080345, 1244133.20865299, 1244265.77668381, 
1244270.90818109, 1244276.09845628, 1244278.91102277, 1244283.02629044, 1244287.28389073, 1244291.61896726, 1244297.16955439, 1244306.58713434, 1244316.14829957, 1244333.09979868)
